timestamp,quote_id,topic,image_path,status,detail
2026-02-23T00:11:34.547968+09:00,q0001,motivation,/home/runner/work/quote-pinterest-bot/quote-pinterest-bot/output/images/20260223_001134_q0001.png,ok,generated_image_only
2026-02-23T00:15:24.970931+09:00,q0002,self_love,/home/runner/work/quote-pinterest-bot/quote-pinterest-bot/output/images/20260223_001524_q0002.png,ok,generated_gradient
2026-02-23T02:25:04.040442+09:00,q0003,productivity,/home/runner/work/quote-pinterest-bot/quote-pinterest-bot/output/images/20260223_022503_q0003.png,ok,generated_gradient
2026-02-23T02:25:31.005265+09:00,q0004,mindset,/home/runner/work/quote-pinterest-bot/quote-pinterest-bot/output/images/20260223_022530_q0004.png,ok,generated_gradient
2026-02-23T02:47:43.495461+09:00,q0005,habits,/home/runner/work/quote-pinterest-bot/quote-pinterest-bot/output/images/20260223_024743_q0005.png,ok,generated_gradient
2026-02-23T02:50:51.383138+09:00,q0006,stoic,/home/runner/work/quote-pinterest-bot/quote-pinterest-bot/output/images/20260223_025051_q0006.png,ok,generated_gradient
2026-02-23T02:54:57.680830+09:00,q0007,motivation,/home/runner/work/quote-pinterest-bot/quote-pinterest-bot/output/images/20260223_025457_q0007.png,ok,generated_gradient
2026-02-23T03:52:30.369567+09:00,q0008,productivity,/home/runner/work/quote-pinterest-bot/quote-pinterest-bot/output/images/20260223_035230_q0008_n01.png,ok,generated_gradient
2026-02-23T03:52:30.423553+09:00,q0009,self_love,/home/runner/work/quote-pinterest-bot/quote-pinterest-bot/output/images/20260223_035230_q0009_n02.png,ok,generated_gradient
2026-02-23T03:52:30.478243+09:00,q0010,mindset,/home/runner/work/quote-pinterest-bot/quote-pinterest-bot/output/images/20260223_035230_q0010_n03.png,ok,generated_gradient
2026-02-23T10:38:55.929099+09:00,q0011,motivation,/home/runner/work/quote-pinterest-bot/quote-pinterest-bot/output/images/20260223_103855_q0011_n01.png,ok,generated_gradient
2026-02-23T10:38:55.981980+09:00,q0012,discipline,/home/runner/work/quote-pinterest-bot/quote-pinterest-bot/output/images/20260223_103855_q0012_n02.png,ok,generated_gradient
2026-02-23T10:38:56.046196+09:00,q0013,self_love,/home/runner/work/quote-pinterest-bot/quote-pinterest-bot/output/images/20260223_103855_q0013_n03.png,ok,generated_gradient
2026-02-23T11:35:38.587665+09:00,q0014,productivity,/home/runner/work/quote-pinterest-bot/quote-pinterest-bot/output/images/20260223_113538_q0014_n01.png,ok,generated_gradient
2026-02-23T11:35:38.630388+09:00,q0015,motivation,/home/runner/work/quote-pinterest-bot/quote-pinterest-bot/output/images/20260223_113538_q0015_n02.png,ok,generated_gradient
2026-02-23T11:35:38.671690+09:00,q0016,minimalism,/home/runner/work/quote-pinterest-bot/quote-pinterest-bot/output/images/20260223_113538_q0016_n03.png,ok,generated_gradient
2026-02-23T14:21:19.623245+09:00,q0017,discipline,/home/runner/work/quote-pinterest-bot/quote-pinterest-bot/output/images/20260223_142119_q0017_n01.png,ok,generated_gradient
2026-02-23T14:21:19.672105+09:00,q0018,self_love,/home/runner/work/quote-pinterest-bot/quote-pinterest-bot/output/images/20260223_142119_q0018_n02.png,ok,generated_gradient
2026-02-23T14:21:19.721190+09:00,q0019,productivity,/home/runner/work/quote-pinterest-bot/quote-pinterest-bot/output/images/20260223_142119_q0019_n03.png,ok,generated_gradient
2026-02-23T22:15:54.111246+09:00,q0020,motivation,/home/runner/work/quote-pinterest-bot/quote-pinterest-bot/output/images/20260223_221554_q0020_n01.png,ok,generated_gradient
2026-02-23T22:15:54.161040+09:00,q0021,discipline,/home/runner/work/quote-pinterest-bot/quote-pinterest-bot/output/images/20260223_221554_q0021_n02.png,ok,generated_gradient
2026-02-23T22:15:54.212098+09:00,q0022,minimalism,/home/runner/work/quote-pinterest-bot/quote-pinterest-bot/output/images/20260223_221554_q0022_n03.png,ok,generated_gradient
2026-02-24T11:32:01.626048+09:00,q0023,self_love,/home/runner/work/quote-pinterest-bot/quote-pinterest-bot/output/images/20260224_113201_q0023_n01.png,ok,generated_gradient
2026-02-24T11:32:01.672671+09:00,q0024,motivation,/home/runner/work/quote-pinterest-bot/quote-pinterest-bot/output/images/20260224_113201_q0024_n02.png,ok,generated_gradient
2026-02-24T11:32:01.720802+09:00,q0025,productivity,/home/runner/work/quote-pinterest-bot/quote-pinterest-bot/output/images/20260224_113201_q0025_n03.png,ok,generated_gradient
2026-02-24T14:17:24.433415+09:00,q0026,discipline,/home/runner/work/quote-pinterest-bot/quote-pinterest-bot/output/images/20260224_141724_q0026_n01.png,ok,generated_gradient
2026-02-24T14:17:24.475673+09:00,q0027,self_love,/home/runner/work/quote-pinterest-bot/quote-pinterest-bot/output/images/20260224_141724_q0027_n02.png,ok,generated_gradient
2026-02-24T14:17:24.515810+09:00,q0028,motivation,/home/runner/work/quote-pinterest-bot/quote-pinterest-bot/output/images/20260224_141724_q0028_n03.png,ok,generated_gradient
2026-02-24T22:16:52.277028+09:00,q0029,minimalism,/home/runner/work/quote-pinterest-bot/quote-pinterest-bot/output/images/20260224_221652_q0029_n01.png,ok,generated_gradient
2026-02-24T22:16:52.324216+09:00,q0030,productivity,/home/runner/work/quote-pinterest-bot/quote-pinterest-bot/output/images/20260224_221652_q0030_n02.png,ok,generated_gradient
2026-02-24T22:16:52.370128+09:00,q0031,motivation,/home/runner/work/quote-pinterest-bot/quote-pinterest-bot/output/images/20260224_221652_q0031_n03.png,ok,generated_gradient
2026-02-25T11:33:20.076774+09:00,q0032,discipline,/home/runner/work/quote-pinterest-bot/quote-pinterest-bot/output/images/20260225_113320_q0032_n01.png,ok,generated_gradient
2026-02-25T11:33:20.119321+09:00,q0033,self_love,/home/runner/work/quote-pinterest-bot/quote-pinterest-bot/output/images/20260225_113320_q0033_n02.png,ok,generated_gradient
2026-02-25T11:33:20.162007+09:00,q0034,motivation,/home/runner/work/quote-pinterest-bot/quote-pinterest-bot/output/images/20260225_113320_q0034_n03.png,ok,generated_gradient
2026-02-25T14:19:01.123011+09:00,q0035,productivity,/home/runner/work/quote-pinterest-bot/quote-pinterest-bot/output/images/20260225_141901_q0035_n01.png,ok,generated_gradient
2026-02-25T14:19:01.186116+09:00,q0036,motivation,/home/runner/work/quote-pinterest-bot/quote-pinterest-bot/output/images/20260225_141901_q0036_n02.png,ok,generated_gradient
2026-02-25T14:19:01.241143+09:00,q0037,discipline,/home/runner/work/quote-pinterest-bot/quote-pinterest-bot/output/images/20260225_141901_q0037_n03.png,ok,generated_gradient
2026-02-25T22:16:22.770921+09:00,q0038,self_love,/home/runner/work/quote-pinterest-bot/quote-pinterest-bot/output/images/20260225_221622_q0038_n01.png,ok,generated_gradient
2026-02-25T22:16:22.820821+09:00,q0039,productivity,/home/runner/work/quote-pinterest-bot/quote-pinterest-bot/output/images/20260225_221622_q0039_n02.png,ok,generated_gradient
2026-02-25T22:16:22.865430+09:00,q0040,minimalism,/home/runner/work/quote-pinterest-bot/quote-pinterest-bot/output/images/20260225_221622_q0040_n03.png,ok,generated_gradient
2026-02-26T11:28:55.576482+09:00,q0041,motivation,/home/runner/work/quote-pinterest-bot/quote-pinterest-bot/output/images/20260226_112855_q0041_n01.png,ok,generated_gradient
2026-02-26T11:28:55.620702+09:00,q0042,discipline,/home/runner/work/quote-pinterest-bot/quote-pinterest-bot/output/images/20260226_112855_q0042_n02.png,ok,generated_gradient
2026-02-26T11:28:55.662469+09:00,q0043,self_love,/home/runner/work/quote-pinterest-bot/quote-pinterest-bot/output/images/20260226_112855_q0043_n03.png,ok,generated_gradient
2026-02-26T14:16:29.426626+09:00,q0044,productivity,/home/runner/work/quote-pinterest-bot/quote-pinterest-bot/output/images/20260226_141629_q0044_n01.png,ok,generated_gradient
2026-02-26T14:16:29.478335+09:00,q0045,motivation,/home/runner/work/quote-pinterest-bot/quote-pinterest-bot/output/images/20260226_141629_q0045_n02.png,ok,generated_gradient
2026-02-26T14:16:29.525694+09:00,q0046,discipline,/home/runner/work/quote-pinterest-bot/quote-pinterest-bot/output/images/20260226_141629_q0046_n03.png,ok,generated_gradient
2026-02-26T22:17:18.489492+09:00,q0047,minimalism,/home/runner/work/quote-pinterest-bot/quote-pinterest-bot/output/images/20260226_221718_q0047_n01.png,ok,generated_gradient
2026-02-26T22:17:18.542555+09:00,q0048,self_love,/home/runner/work/quote-pinterest-bot/quote-pinterest-bot/output/images/20260226_221718_q0048_n02.png,ok,generated_gradient
2026-02-26T22:17:18.592959+09:00,q0049,productivity,/home/runner/work/quote-pinterest-bot/quote-pinterest-bot/output/images/20260226_221718_q0049_n03.png,ok,generated_gradient
2026-02-27T11:27:57.640958+09:00,q0050,motivation,/home/runner/work/quote-pinterest-bot/quote-pinterest-bot/output/images/20260227_112757_q0050_n01.png,ok,generated_gradient
2026-02-27T11:27:57.686999+09:00,q0051,discipline,/home/runner/work/quote-pinterest-bot/quote-pinterest-bot/output/images/20260227_112757_q0051_n02.png,ok,generated_gradient
2026-02-27T11:27:57.732930+09:00,q0052,self_love,/home/runner/work/quote-pinterest-bot/quote-pinterest-bot/output/images/20260227_112757_q0052_n03.png,ok,generated_gradient
2026-02-27T14:10:17.377480+09:00,q0053,productivity,/home/runner/work/quote-pinterest-bot/quote-pinterest-bot/output/images/20260227_141017_q0053_n01.png,ok,generated_gradient
2026-02-27T14:10:17.427764+09:00,q0054,motivation,/home/runner/work/quote-pinterest-bot/quote-pinterest-bot/output/images/20260227_141017_q0054_n02.png,ok,generated_gradient
2026-02-27T14:10:17.473659+09:00,q0055,minimalism,/home/runner/work/quote-pinterest-bot/quote-pinterest-bot/output/images/20260227_141017_q0055_n03.png,ok,generated_gradient
2026-02-27T22:08:43.010383+09:00,q0056,discipline,/home/runner/work/quote-pinterest-bot/quote-pinterest-bot/output/images/20260227_220842_q0056_n01.png,ok,generated_gradient
2026-02-27T22:08:43.057328+09:00,q0057,self_love,/home/runner/work/quote-pinterest-bot/quote-pinterest-bot/output/images/20260227_220843_q0057_n02.png,ok,generated_gradient
2026-02-27T22:08:43.102520+09:00,q0058,productivity,/home/runner/work/quote-pinterest-bot/quote-pinterest-bot/output/images/20260227_220843_q0058_n03.png,ok,generated_gradient
2026-02-28T11:10:45.933578+09:00,q0059,motivation,/home/runner/work/quote-pinterest-bot/quote-pinterest-bot/output/images/20260228_111045_q0059_n01.png,ok,generated_gradient
2026-02-28T11:10:46.025340+09:00,q0060,discipline,/home/runner/work/quote-pinterest-bot/quote-pinterest-bot/output/images/20260228_111045_q0060_n02.png,ok,generated_gradient
2026-02-28T11:10:46.071032+09:00,q0061,minimalism,/home/runner/work/quote-pinterest-bot/quote-pinterest-bot/output/images/20260228_111046_q0061_n03.png,ok,generated_gradient
2026-02-28T13:48:01.894656+09:00,q0062,self_love,/home/runner/work/quote-pinterest-bot/quote-pinterest-bot/output/images/20260228_134801_q0062_n01.png,ok,generated_gradient
2026-02-28T13:48:01.939791+09:00,q0063,productivity,/home/runner/work/quote-pinterest-bot/quote-pinterest-bot/output/images/20260228_134801_q0063_n02.png,ok,generated_gradient
2026-02-28T13:48:01.986196+09:00,q0064,motivation,/home/runner/work/quote-pinterest-bot/quote-pinterest-bot/output/images/20260228_134801_q0064_n03.png,ok,generated_gradient
2026-02-28T21:55:17.055482+09:00,q0065,discipline,/home/runner/work/quote-pinterest-bot/quote-pinterest-bot/output/images/20260228_215517_q0065_n01.png,ok,generated_gradient
2026-02-28T21:55:17.103127+09:00,q0066,self_love,/home/runner/work/quote-pinterest-bot/quote-pinterest-bot/output/images/20260228_215517_q0066_n02.png,ok,generated_gradient
2026-02-28T21:55:17.148567+09:00,q0067,productivity,/home/runner/work/quote-pinterest-bot/quote-pinterest-bot/output/images/20260228_215517_q0067_n03.png,ok,generated_gradient
